-3.000000000000000000e+02,-5.840047813241620867e-02,-2.105693746638797118e-02
-2.989983305509181832e+02,-5.956639016115583551e-02,-2.129724952015375067e-02
-2.979966611018363665e+02,-6.081997110214455021e-02,-2.153904016172470889e-02
-2.969949916527546065e+02,-6.206985681324255627e-02,-2.180400122285033881e-02
-2.959933222036727898e+02,-6.341292897396656747e-02,-2.207096478936627221e-02
-2.949916527545909730e+02,-6.475283633415335194e-02,-2.236071909406511793e-02
-2.939899833055091563e+02,-6.619210045557251398e-02,-2.265301938321480704e-02
-2.929883138564273963e+02,-6.762885264028313526e-02,-2.296780328568521351e-02
-2.919866444073455796e+02,-6.917187487918657895e-02,-2.328569666138203056e-02
-2.909849749582637628e+02,-7.071318097704776262e-02,-2.362583700921871976e-02
-2.899833055091819460e+02,-7.236852092263784675e-02,-2.396967109503409660e-02
-2.889816360601001861e+02,-7.402310861453544055e-02,-2.433558457739404268e-02
-2.879799666110183693e+02,-7.580047324098491968e-02,-2.470579790555177749e-02
-2.869782971619365526e+02,-7.757824851757509632e-02,-2.509799132581818845e-02
-2.859766277128547358e+02,-7.948867825193732528e-02,-2.549511390107547099e-02
-2.849749582637729759e+02,-8.140091868253578056e-02,-2.591418534571178142e-02
-2.839732888146911591e+02,-8.345701358543863857e-02,-2.633884010273171081e-02
-2.829716193656093424e+02,-8.551660358373376625e-02,-2.678548099570920299e-02
-2.819699499165275256e+02,-8.773280008770641125e-02,-2.723838614604631031e-02
-2.809682804674457657e+02,-8.995451922863456629e-02,-2.771338419573576850e-02
-2.799666110183639489e+02,-9.234743121037047864e-02,-2.819535647773750361e-02
-2.789649415692821321e+02,-9.474831021397039921e-02,-2.869959954038942690e-02
-2.779632721202003154e+02,-9.733715277172867719e-02,-2.921155840226842895e-02
-2.769616026711185555e+02,-9.993691669781720743e-02,-2.974603930315270969e-02
-2.759599332220367387e+02,-1.027440374273733553e-01,-3.028901206705458121e-02
-2.749582637729549219e+02,-1.055656625368095319e-01,-3.085483443876756507e-02
-2.739565943238731052e+02,-1.086172142112648009e-01,-3.142996251231064408e-02
-2.729549248747913452e+02,-1.116876347932290597e-01,-3.202834772917761280e-02
-2.719532554257095285e+02,-1.150144364894737786e-01,-3.263689395094464263e-02
-2.709515859766277117e+02,-1.183654522067202342e-01,-3.326918925999719501e-02
-2.699499165275458950e+02,-1.220041052019877753e-01,-3.391254648830822893e-02
-2.689482470784640782e+02,-1.256735605209079176e-01,-3.458023446157040826e-02
-2.679465776293823183e+02,-1.296679141382188483e-01,-3.525993554089405790e-02
-2.669449081803005015e+02,-1.337012530255314580e-01,-3.596464500182687540e-02
-2.659432387312186847e+02,-1.381043597383417865e-01,-3.668237427104629328e-02
-2.649415692821369248e+02,-1.425567074448428895e-01,-3.742589288008724147e-02
-2.639398998330551080e+02,-1.474334757003377405e-01,-3.818349942113886952e-02
-2.629382303839732913e+02,-1.523724761743013578e-01,-3.896778814379121825e-02
-2.619365609348914745e+02,-1.578033407323376214e-01,-3.976730100992038192e-02
-2.609348914858096578e+02,-1.633131026894736326e-01,-4.059451073623557282e-02
-2.599332220367278978e+02,-1.693992171443204631e-01,-4.143815644791113556e-02
-2.589315525876460811e+02,-1.755859303714387420e-01,-4.231064708710943756e-02
-2.579298831385642643e+02,-1.824567044764723034e-01,-4.320086974239765315e-02
-2.569282136894824475e+02,-1.894568504014003674e-01,-4.412123218255054741e-02
-2.559265442404006592e+02,-1.972812242796788407e-01,-4.506071660006630286e-02
-2.549248747913188708e+02,-2.052739621639287082e-01,-4.603179800392986215e-02
-2.539232053422370541e+02,-2.142778788052870920e-01,-4.702349640416281923e-02
-2.529215358931552657e+02,-2.235044420759774719e-01,-4.804842941175582055e-02
-2.519198664440734490e+02,-2.339991029758237140e-01,-4.909559225013367806e-02
-2.509181969949916606e+02,-2.447945760589080588e-01,-5.017782878215430037e-02
-2.499165275459098439e+02,-2.572245751488608789e-01,-5.128404048125407427e-02
-2.489148580968280555e+02,-2.700729386746898442e-01,-5.242739099132477654e-02
-2.479131886477462388e+02,-2.851037754244060696e-01,-5.359661148690976484e-02
-2.469115191986644504e+02,-3.007402508327768342e-01,-5.480529070368576894e-02
-2.459098497495826336e+02,-3.194313713899631924e-01,-5.604190393032729145e-02
-2.449081803005008453e+02,-3.390512945383236110e-01,-5.732058437516284605e-02
-2.439065108514190285e+02,-3.632390432506277800e-01,-5.862945508428622776e-02
-2.429048414023372402e+02,-3.889830545256817151e-01,-5.998332996151891500e-02
-2.419031719532554234e+02,-4.222752190976987730e-01,-6.136987060674049810e-02
-2.409015025041736067e+02,-4.586001905069857498e-01,-6.280472806382188244e-02
-2.398998330550918183e+02,-5.096869249835115356e-01,-6.427497792916414543e-02
-2.388981636060100300e+02,-5.688686439159352792e-01,-6.579728920217460530e-02
-2.378964941569282132e+02,-6.688631542091358906e-01,-6.735800852075581047e-02
-2.368948247078463964e+02,-8.342544022100686352e-01,-6.897503315808094226e-02
-2.358931552587646081e+02,-1.212246332884324485e+00,-7.063381572040251799e-02
-2.348914858096828198e+02,-7.933437501991252860e-01,-7.235372797053497840e-02
-2.338898163606010030e+02,-6.509987875541427549e-01,-7.411913671547250282e-02
-2.328881469115191862e+02,-5.231865194538681818e-01,-7.595117835507612936e-02
-2.318864774624373979e+02,-4.708008253160940182e-01,-7.783290976716800147e-02
-2.308848080133556095e+02,-4.109076660713048001e-01,-7.978757624853394237e-02
-2.298831385642737928e+02,-3.505103582755872971e-01,-8.179666118542697206e-02
-2.288814691151919760e+02,-3.177117655951116615e-01,-8.388593016597013785e-02
-2.278797996661101877e+02,-2.981304609376680403e-01,-8.603498120481392619e-02
-2.268781302170283993e+02,-2.344568906767900973e-01,-8.827259553456451302e-02
-2.258764607679465826e+02,-2.289963982453540048e-01,-9.057611434555654095e-02
-2.248747913188647658e+02,-1.809535403646434781e-01,-9.297793580234206545e-02
-2.238731218697829775e+02,-1.708874322741323892e-01,-9.545269886951895932e-02
-2.228714524207011891e+02,-1.483547230326343613e-01,-9.803715491305550755e-02
-2.218697829716193723e+02,-1.118149793515254009e-01,-1.007027027970183314e-01
-2.208681135225375556e+02,-1.023734612695111068e-01,-1.034913572421614775e-01
-2.198664440734557672e+02,-9.624634512162671962e-02,-1.063706225711402303e-01
-2.188647746243739505e+02,-5.302193188530995166e-02,-1.093889137525738964e-01
-2.178631051752921621e+02,-5.239305291699086764e-02,-1.125090379201945379e-01
-2.168614357262103454e+02,-5.253251445920036067e-02,-1.157872468977664826e-01
-2.158597662771285286e+02,-2.378329335009004078e-02,-1.191806578033521719e-01
-2.148580968280467403e+02,-3.404215751766114656e-02,-1.227551982025698041e-01
-2.138564273789649519e+02,-2.112048113782465444e-02,-1.264610559411226687e-01
-2.128547579298831351e+02,-5.366549114529411968e-02,-1.303762225695320465e-01
-2.118530884808013184e+02,-1.073564459724000164e-01,-1.344423948305717986e-01
-2.108514190317195300e+02,-2.913302459691777258e-01,-1.387527816053130969e-01
-2.098497495826377417e+02,-3.768415176835024361e-01,-1.432386001238470374e-01
-2.088480801335559249e+02,9.417519207872566966e-02,-1.480125198198399550e-01
-2.078464106844741082e+02,3.693393809981056486e-01,-1.529927204327983237e-01
-2.068447412353923198e+02,7.436307491409541726e-01,-1.583171687284143370e-01
-2.058430717863105315e+02,1.006053286030005545e+00,-1.638876826647749363e-01
-2.048414023372287147e+02,7.465888748621520854e-01,-1.698757653634762887e-01
-2.038397328881468979e+02,6.442238693609679823e-01,-1.761625149684888925e-01
-2.028380634390651096e+02,6.461811870918862111e-01,-1.829649647187159001e-01
-2.018363939899833213e+02,6.808889038912432357e-01,-1.901377535877213365e-01
-2.008347245409015045e+02,6.611552960910445087e-01,-1.979615685526974200e-01
-1.998330550918196877e+02,7.188662925391077207e-01,-2.062570789416795780e-01
-1.988313856427378994e+02,7.947066450140009009e-01,-2.153973052182993064e-01
-1.978297161936561110e+02,8.375697302619569129e-01,-2.251594736906228633e-01
-1.968280467445742943e+02,9.911369824876480328e-01,-2.360570559679733282e-01
-1.958263772954924775e+02,1.346487035413033606e+00,-2.478134701341810076e-01
-1.948247078464106892e+02,1.220612513823144285e+00,-2.611697864594334506e-01
-1.938230383973289008e+02,9.615210971871068768e-01,-2.757913504588519471e-01
-1.928213689482470841e+02,8.250972943199580412e-01,-2.928220231783441041e-01
-1.918196994991652673e+02,7.499966695465912769e-01,-3.119067181968294689e-01
-1.908180300500834790e+02,7.255037315521434271e-01,-3.350016329714430863e-01
-1.898163606010016906e+02,6.530058994125805816e-01,-3.620185511958983193e-01
-1.888146911519198738e+02,6.173729773004310584e-01,-3.969415866139183180e-01
-1.878130217028380571e+02,6.188324872189502335e-01,-4.422922927110961577e-01
-1.868113522537562403e+02,5.585380572325079340e-01,-5.097098936821676807e-01
-1.858096828046744520e+02,5.605377818745208574e-01,-6.633916036837772534e-01
-1.848080133555926636e+02,5.284226113273752246e-01,-8.126964670276906055e-01
-1.838063439065108469e+02,5.042260411651681151e-01,-5.881541022059607604e-01
-1.828046744574290301e+02,5.201464125674180039e-01,-4.705903682535396704e-01
-1.818030050083472418e+02,4.763796986779456066e-01,-3.918434602988614679e-01
-1.808013355592654534e+02,4.643571011236715673e-01,-3.396547267493293387e-01
-1.797996661101836366e+02,4.828374569844434694e-01,-3.028896428432406585e-01
-1.787979966611018199e+02,4.433020197721456168e-01,-3.266861926162288876e-01
-1.777963272120200315e+02,4.334407337045302344e-01,-2.996566162425332025e-01
-1.767946577629382432e+02,4.561202800793135448e-01,-2.522786410378538013e-01
-1.757929883138564264e+02,4.127960107996054284e-01,-2.102479904055727100e-01
-1.747913188647746097e+02,4.320951547884408495e-01,-2.105284275812653316e-01
-1.737896494156928213e+02,4.092010002441360816e-01,-1.983439707023425258e-01
-1.727879799666110330e+02,3.986745975871901493e-01,-1.863007936794768837e-01
-1.717863105175292162e+02,4.238882377381232858e-01,-1.901163288121419381e-01
-1.707846410684473994e+02,3.892657856102216818e-01,-1.407449051127276640e-01
-1.697829716193656111e+02,3.850861968509092792e-01,-1.416725913085206401e-01
-1.687813021702837943e+02,4.110800627989896761e-01,-1.436122227185167854e-01
-1.677796327212020060e+02,3.781154698074687959e-01,-1.165411070355889950e-01
-1.667779632721201892e+02,3.746564458790295205e-01,-9.838425563409297636e-02
-1.657762938230384009e+02,4.030678388707082394e-01,-9.812078865260252802e-02
-1.647746243739565841e+02,3.649441431887943121e-01,-9.210459912951303452e-02
-1.637729549248747958e+02,3.915549187246005203e-01,-9.201448376522497474e-02
-1.627712854757929790e+02,3.704042774461125953e-01,-8.489987469506588003e-02
-1.617696160267111907e+02,3.667934809240523952e-01,-4.937115333935215844e-02
-1.607679465776293739e+02,3.965659024351392281e-01,-2.258940775726434730e-02
-1.597662771285475856e+02,3.664556154481630190e-01,-4.098170488054127952e-02
-1.587646076794657688e+02,3.673365351594323758e-01,-5.578548323157434680e-02
-1.577629382303839805e+02,3.977562486555907273e-01,-5.246160949971184762e-02
-1.567612687813021637e+02,3.701313201066296354e-01,-1.902855884135225620e-02
-1.557595993322203753e+02,3.712502216421121326e-01,5.638577209804936097e-03
-1.547579298831385586e+02,4.055466585104866017e-01,3.801196017522149445e-02
-1.537562604340567702e+02,3.719992767571940195e-01,-1.905359479600198013e-03
-1.527545909849749535e+02,4.072161461905408619e-01,-3.192835719909775660e-02
-1.517529215358931651e+02,3.896998414106491726e-01,1.114041536355192888e-02
-1.507512520868113484e+02,3.951531515309237852e-01,3.112465492501959030e-02
-1.497495826377295600e+02,4.321090431126155540e-01,6.409023498536606245e-02
-1.487479131886477433e+02,4.123088126430498046e-01,6.655947292758220002e-02
-1.477462437395659549e+02,4.229819851416649623e-01,3.153548199657663781e-02
-1.467445742904841381e+02,4.674260068126106504e-01,2.258908021513264183e-02
-1.457429048414023498e+02,4.540130348500487911e-01,6.035757460082476905e-02
-1.447412353923205330e+02,4.761000395648746775e-01,9.201574998723170695e-02
-1.437395659432387447e+02,5.335902772157496976e-01,8.828650818948956258e-02
-1.427378964941569279e+02,5.357682895871380691e-01,9.237728829046454315e-02
-1.417362270450751396e+02,6.194846252679206966e-01,8.673962701077064796e-02
-1.407345575959933228e+02,6.827797274342697342e-01,8.171551770255194858e-02
-1.397328881469115345e+02,8.937999384296592131e-01,1.176568192733129237e-01
-1.387312186978297177e+02,1.146891123852213923e+00,1.277703712169912798e-01
-1.377295492487479009e+02,6.868715923797156231e-01,1.228191851417974462e-01
-1.367278797996661126e+02,5.128680530133850057e-01,1.341966647345128050e-01
-1.357262103505842958e+02,4.166466962866909318e-01,1.604108254930763644e-01
-1.347245409015025075e+02,2.920090333890895673e-01,1.589162424714200827e-01
-1.337228714524206907e+02,1.365173043598606750e-01,1.801547783121953406e-01
-1.327212020033389024e+02,5.988590066181439381e-02,1.926076789124573918e-01
-1.317195325542570856e+02,-4.338033167653714273e-01,2.060802739301486608e-01
-1.307178631051752973e+02,-1.195743522344931420e-01,2.831135257605537081e-01
-1.297161936560934805e+02,1.298317878828227911e-01,4.561083164861649553e-01
-1.287145242070116922e+02,5.586103273607228026e-01,4.858819291315603084e-01
-1.277128547579298754e+02,4.719339406313715624e-01,1.412504849452730082e-01
-1.267111853088480871e+02,1.168761208825590397e-01,1.721120331155134506e-02
-1.257095158597662703e+02,-7.197143975956528383e-02,-1.249294604292960909e-01
-1.247078464106844820e+02,-4.754641822961368502e-01,-4.789787099316082930e-01
-1.237061769616026652e+02,-4.886082614587779482e-01,-7.024019391903245646e-01
-1.227045075125208768e+02,-1.682190311864617815e-01,-2.067658950507310633e-01
-1.217028380634390601e+02,-7.457618776493199486e-02,-1.011865946140523553e-01
-1.207011686143572717e+02,-2.471714300751557628e-03,8.070070453542475819e-02
-1.196994991652754550e+02,6.435107572337889215e-02,2.650731254130228032e-01
-1.186978297161936666e+02,1.602086780680173905e-01,6.177426058131041398e-01
-1.176961602671118499e+02,2.955013690794630610e-01,5.909598476424048341e-01
-1.166944908180300615e+02,6.217481024422255587e-01,3.524137749199471314e-01
-1.156928213689482448e+02,1.475782093811003892e-01,2.839018626878017093e-01
-1.146911519198664564e+02,-1.396005064741772383e-01,3.295385227289843177e-01
-1.136894824707846396e+02,-6.236920161107603056e-01,3.407865783687420991e-01
-1.126878130217028513e+02,-3.952846803428023414e-01,3.535885948103303367e-01
-1.116861435726210345e+02,-2.123997319856829880e-01,3.028327063952382381e-01
-1.106844741235392462e+02,-1.411504251587965553e-01,2.676667330226449870e-01
-1.096828046744574294e+02,-1.369463378067180270e-01,2.859866981583141232e-01
-1.086811352253756411e+02,-6.798277675849387358e-02,3.252541803869117287e-01
-1.076794657762938243e+02,-8.478602956787022193e-02,3.414214697258214359e-01
-1.066777963272120076e+02,-5.340739699896639159e-02,3.072904342532132849e-01
-1.056761268781302192e+02,-2.637859086556089763e-02,2.759713678798425551e-01
-1.046744574290484024e+02,-4.954259552720212401e-02,3.130232623198359598e-01
-1.036727879799666141e+02,-1.217455306184096059e-02,3.235446774348155752e-01
-1.026711185308847973e+02,-4.833540622081015058e-03,3.408056774634288799e-01
-1.016694490818030090e+02,-2.934533350004798688e-02,3.047021151373935366e-01
-1.006677796327211922e+02,5.691250607822583192e-03,2.549399888133238035e-01
-9.966611018363940389e+01,1.013161741175881876e-02,2.761269079814607785e-01
-9.866444073455758712e+01,-1.682061591972663916e-02,3.108922994370776904e-01
-9.766277128547579878e+01,2.445172024111002748e-02,2.554147379917177663e-01
-9.666110183639398201e+01,-7.655176623989916676e-03,7.322534010106579450e-02
-9.565943238731219367e+01,9.751647971459718664e-03,-8.913261718079806134e-03
-9.465776293823037690e+01,2.600072422423456778e-02,2.779016212624251803e-01
-9.365609348914858856e+01,-7.167853910835890290e-03,4.993525122995747245e-01
-9.265442404006677179e+01,2.385466139380424191e-02,6.940145925750951239e-01
-9.165275459098498345e+01,2.344448939515708999e-02,9.373823670402955388e-01
-9.065108514190316669e+01,-5.989539879505633574e-03,8.862080027758149070e-01
-8.964941569282137834e+01,2.276342608669112977e-02,6.756918955491365564e-01
-8.864774624373956158e+01,2.300063862203110751e-02,6.823333602282452004e-01
-8.764607679465777323e+01,-9.451113696773535272e-03,6.871449190196901036e-01
-8.664440734557595647e+01,2.792291197047011564e-02,6.976477865938296441e-01
-8.564273789649416813e+01,-9.778708799174537850e-03,6.492093868736356077e-01
-8.464106844741235136e+01,5.393625478558374334e-03,6.418034495694724395e-01
-8.363939899833056302e+01,1.475614245684806099e-02,6.609922662012777117e-01
-8.263772954924874625e+01,-2.235545097556765684e-02,6.886658547535415842e-01
-8.163606010016695791e+01,3.121125371113331673e-03,7.280710744893050812e-01
-8.063439065108514114e+01,-2.561506594653589677e-03,7.339916628779930008e-01
-7.963272120200335280e+01,-3.841582820641614715e-02,7.029705743069794011e-01
-7.863105175292153604e+01,-1.645955553915990494e-02,7.104213939398551503e-01
-7.762938230383974769e+01,-2.460371918813625963e-02,7.584420630395249940e-01
-7.662771285475793093e+01,-6.647392917894108522e-02,7.988868253222216609e-01
-7.562604340567611416e+01,-4.045241386090995400e-02,8.300501793507377712e-01
-7.462437395659432582e+01,-9.369439392630420083e-02,8.501682628620109705e-01
-7.362270450751250905e+01,-9.472108966761942639e-02,8.376749027438332718e-01
-7.262103505843072071e+01,-1.145340139064179169e-01,8.790492723177452117e-01
-7.161936560934890394e+01,-1.866859425389362503e-01,9.492897044025268016e-01
-7.061769616026711560e+01,-2.288663383969006537e-01,1.013408478848867533e+00
-6.961602671118529884e+01,-3.788964170077688265e-01,1.073113944927588159e+00
-6.861435726210351049e+01,-7.103568992211710675e-01,1.164750296874996316e+00
-6.761268781302169373e+01,-2.109315408974124506e-01,1.452307154229723896e+00
-6.661101836393990538e+01,1.599167284734794720e-02,1.273692540963495157e+00
-6.560934891485808862e+01,2.668001748897064762e-01,1.151215412841680497e+00
-6.460767946577630028e+01,7.019980592984486067e-01,1.087653182206311353e+00
-6.360601001669448351e+01,3.615371373790115528e-01,1.087458497323051221e+00
-6.260434056761269517e+01,2.199758064614857900e-01,1.120377218830711064e+00
-6.160267111853087840e+01,1.225504796196613122e-01,1.098573772782606817e+00
-6.060100166944909006e+01,6.013834767891275412e-02,1.082310335694591341e+00
-5.959933222036727329e+01,-1.645620439471988036e-02,1.138472293873963315e+00
-5.859766277128548495e+01,-1.050158511229092873e-01,1.223585686226711378e+00
-5.759599332220366819e+01,-4.262696978133267423e-01,1.477159340170348667e+00
-5.659432387312187984e+01,-3.673532450292863460e-01,1.225980863497470263e+00
-5.559265442404006308e+01,4.870324436563365500e-02,1.092905607649277133e+00
-5.459098497495827473e+01,4.114826045175248304e-01,9.843803870285229296e-01
-5.358931552587645797e+01,6.092168085371975073e-01,9.472559859195497367e-01
-5.258764607679466963e+01,1.863743027062176039e-01,9.105208706636899185e-01
-5.158597662771285286e+01,6.052540243415040905e-02,8.699098636665578699e-01
-5.058430717863106452e+01,-2.271871778744539161e-01,8.519492534108403792e-01
-4.958263772954924775e+01,-4.610548561037965953e-01,8.113486865283219274e-01
-4.858096828046745941e+01,2.485606769406748309e-02,7.836248033965486082e-01
-4.757929883138564264e+01,1.108019413539606396e-01,7.762940557574560252e-01
-4.657762938230385430e+01,2.744741653773856149e-01,7.575050346104664767e-01
-4.557595993322203753e+01,3.978052828545712294e-01,7.111208850085559696e-01
-4.457429048414024919e+01,4.979641627344494892e-01,7.096529417410598617e-01
-4.357262103505843243e+01,6.761471319695333548e-01,7.093505335480997376e-01
-4.257095158597661566e+01,1.139205558786255734e+00,7.017350913816784441e-01
-4.156928213689479890e+01,8.673761222220848222e-01,7.059096134834313974e-01
-4.056761268781303897e+01,6.947137377000081049e-01,6.756697287255475359e-01
-3.956594323873122221e+01,5.838881930011050603e-01,6.439076342530033470e-01
-3.856427378964940544e+01,5.324492307809618463e-01,6.609270683230697996e-01
-3.756260434056758868e+01,5.237153560924618922e-01,7.157030981449530316e-01
-3.656093489148582876e+01,4.679588187460029802e-01,7.477710182910181080e-01
-3.555926544240401199e+01,4.458632191014325619e-01,7.930950416738536957e-01
-3.455759599332219523e+01,4.596210777130768643e-01,9.437154482356023832e-01
-3.355592654424037846e+01,4.158763659554229331e-01,7.602854095186136751e-01
-3.255425709515861854e+01,4.045128874931028240e-01,5.592406704152899088e-01
-3.155258764607680178e+01,4.260618972290763917e-01,4.938877094339473861e-01
-3.055091819699498501e+01,3.809393747535425034e-01,3.791375631577948990e-01
-2.954924874791316824e+01,4.088740481169081398e-01,1.126233527115226007e-01
-2.854757929883140832e+01,3.773221409770154411e-01,-9.936663770683490382e-02
-2.754590984974959156e+01,3.723833986068729174e-01,1.241703902965173856e-01
-2.654424040066777479e+01,3.987843994280005355e-01,2.732981631613046192e-01
-2.554257095158595803e+01,3.659972702854377702e-01,3.325891244540375435e-01
-2.454090150250419811e+01,3.641171443275385000e-01,3.282227391456251642e-01
-2.353923205342238134e+01,3.920089949160738274e-01,2.683665385498213984e-01
-2.253756260434056458e+01,3.616772325928889198e-01,1.899555337832983803e-01
-2.153589315525874781e+01,3.600743694645003323e-01,2.485137555182568847e-01
-2.053422370617698789e+01,3.914245719289209391e-01,3.538479503920461955e-01
-1.953255425709517112e+01,3.531926250484547780e-01,3.505309120405298295e-01
-1.853088480801335436e+01,3.905390055886851508e-01,3.069745457491615537e-01
-1.752921535893153759e+01,3.631766253328299054e-01,2.453159285368751164e-01
-1.652754590984977767e+01,3.650689271604038444e-01,2.260205986992573080e-01
-1.552587646076796091e+01,3.965559782351584794e-01,2.748294214922349377e-01
-1.452420701168614414e+01,3.693459331521612987e-01,3.201406697133507007e-01
-1.352253756260432738e+01,3.721138508605479900e-01,3.248747352333254401e-01
-1.252086811352256746e+01,4.050905734666293001e-01,2.605068992713977516e-01
-1.151919866444075069e+01,3.792120608671080140e-01,2.655401850110283846e-01
-1.051752921535893393e+01,3.824581708891829357e-01,2.943463349028728193e-01
-9.515859766277117160e+00,4.182994006443538360e-01,2.887649053614596006e-01
-8.514190317195300395e+00,3.844767131925810322e-01,3.586087080721453435e-01
-7.512520868113540473e+00,4.282481769371119240e-01,4.338877099496757928e-01
-6.510851419031723708e+00,4.042418119611601579e-01,5.852573560964960953e-01
-5.509181969949906943e+00,4.116676682867059789e-01,2.923462372816283961e-01
-4.507512520868090178e+00,4.487014381097152449e-01,1.010917597797422740e-01
-3.505843071786330256e+00,4.271829125275675154e-01,-1.662705777756256498e-01
-2.504173622704513491e+00,4.362473160348627754e-01,-3.829800381614393845e-01
-1.502504173622696726e+00,4.757908274134434734e-01,-8.244161672943051133e-01
-5.008347245408799608e-01,4.572834230399468458e-01,-4.399502922217827239e-01
5.008347245408799608e-01,4.683942429813961472e-01,-1.280496461675786901e-01
1.502504173622696726e+00,5.131909960427719630e-01,1.678727859005941028e-02
2.504173622704513491e+00,4.888972155284060928e-01,1.231081907378393792e-01
3.505843071786330256e+00,5.450152457263354178e-01,4.137359501852035937e-01
4.507512520868090178e+00,5.327065376957170750e-01,4.910501897182255049e-01
5.509181969949906943e+00,5.553614929070492812e-01,3.350421685509961667e-01
6.510851419031723708e+00,6.098633997548560393e-01,2.747892428548801003e-01
7.512520868113540473e+00,6.094775243776581197e-01,2.301566835913778919e-01
8.514190317195300395e+00,6.443253356677997035e-01,1.884904875566197069e-01
9.515859766277117160e+00,7.169441096897849475e-01,1.983399442432806914e-01
1.051752921535893393e+01,7.413681693589768695e-01,2.306793508603518783e-01
1.151919866444075069e+01,8.162508967382974268e-01,2.183465926919019862e-01
1.252086811352251061e+01,9.536216790650113850e-01,1.657560540878261213e-01
1.352253756260432738e+01,1.212290863567126786e+00,1.262540755699783357e-01
1.452420701168614414e+01,1.349480809098336120e+00,1.098882683683286982e-01
1.552587646076796091e+01,9.591958441817522996e-01,1.046945877037994133e-01
1.652754590984972083e+01,8.285672132809360768e-01,1.270428156079543569e-01
1.752921535893153759e+01,7.810245928012163885e-01,1.251680083144430800e-01
1.853088480801335436e+01,7.064673451372449620e-01,8.123679332559630151e-02
1.953255425709517112e+01,6.475331734628514413e-01,5.656510922726889351e-02
2.053422370617693105e+01,6.720395537225536398e-01,6.430107746288563075e-02
2.153589315525874781e+01,6.206596535431037065e-01,6.730506268271178871e-02
2.253756260434056458e+01,6.353754792947224894e-01,4.252412770652782420e-02
2.353923205342238134e+01,7.332629699651685984e-01,4.715585203870373276e-02
2.454090150250419811e+01,9.964011616961405693e-01,6.248465617472399522e-03
2.554257095158595803e+01,7.209079258861579298e-01,8.205323959074941470e-03
2.654424040066777479e+01,3.385794009737369548e-01,3.716549565174271513e-03
2.754590984974959156e+01,7.560808220364884091e-02,-4.835168315157398894e-02
2.854757929883140832e+01,-4.057231448230595450e-01,-3.382275312949124119e-02
2.954924874791316824e+01,-3.018535814112548454e-01,-2.358120756709269211e-02
3.055091819699498501e+01,-1.270759340771876467e-01,-1.281313173246208682e-04
3.155258764607680178e+01,-6.929922419217511564e-02,4.778181992094327965e-03
3.255425709515861854e+01,-5.704732101048542309e-02,-2.690462658220317028e-03
3.355592654424037846e+01,-5.302820384082429506e-02,-2.329269286700385785e-02
3.455759599332219523e+01,-4.968819127060788293e-02,-5.511992076027454057e-02
3.555926544240401199e+01,-7.964556083569164502e-02,-1.853726814903387116e-02
3.656093489148582876e+01,-8.210117045316361883e-02,1.805664166044271268e-02
3.756260434056758868e+01,-8.470637589661712819e-02,2.138179315076025461e-02
3.856427378964940544e+01,-1.305464455006447588e-01,9.760205195257328631e-03
3.956594323873122221e+01,-1.396670724692876397e-01,-5.108409077790374703e-02
4.056761268781303897e+01,-1.523761506362801277e-01,-9.066351839759634323e-02
4.156928213689479890e+01,-1.934397994009505739e-01,-5.592069665732187639e-02
4.257095158597661566e+01,-2.159126615644527680e-01,-1.842119342133628421e-02
4.357262103505843243e+01,-2.524450169921458875e-01,-6.677315185841806167e-02
4.457429048414024919e+01,-2.906221952190706226e-01,-7.757047129486897841e-02
4.557595993322200911e+01,-3.147594219198812104e-01,-1.292023481876571345e-01
4.657762938230382588e+01,-4.025910759729763866e-01,-1.618678614244870584e-01
4.757929883138564264e+01,-4.916041321249109974e-01,-1.567131139133401685e-01
4.858096828046745941e+01,-5.792878370569436441e-01,-1.908642005240422379e-01
4.958263772954921933e+01,-3.620958968013781587e-01,-2.491329621267566186e-01
5.058430717863103609e+01,-4.190535659394392098e-01,-2.805170663159389788e-01
5.158597662771285286e+01,-5.422626950739068974e-01,-2.720147855652802482e-01
5.258764607679466963e+01,-6.312780420332645415e-01,-2.766401093965921154e-01
5.358931552587648639e+01,-7.712116327762166268e-01,-3.102079271507427460e-01
5.459098497495824631e+01,-1.228841908740027300e+00,-3.229405833301802753e-01
5.559265442404006308e+01,-7.938405990810075696e-01,-3.991212583155029359e-01
5.659432387312187984e+01,-7.292503979520187363e-01,-4.471769007497460868e-01
5.759599332220369661e+01,-5.526990992358763455e-01,-4.536724920182543808e-01
5.859766277128545653e+01,-4.566269310599008757e-01,-5.186592560593343837e-01
5.959933222036727329e+01,-5.147371231453520268e-01,-7.391185213106286067e-01
6.060100166944909006e+01,-4.597556496273841331e-01,-6.664381871320156359e-01
6.160267111853090682e+01,-3.168795151444895319e-01,-4.894535311411404854e-01
6.260434056761266675e+01,-3.064111192036584885e-01,-4.263052966917652564e-01
6.360601001669448351e+01,-3.504721777380981895e-01,-3.875227187865377676e-01
6.460767946577630028e+01,-3.131084117766275154e-01,-3.527004046954100858e-01
6.560934891485811704e+01,-2.744117827608291704e-01,-3.262696131053781090e-01
6.661101836393987696e+01,-2.997870958034059563e-01,-3.047268177237797970e-01
6.761268781302169373e+01,-3.063047129492503795e-01,-2.787910874615355805e-01
6.861435726210351049e+01,-2.003938247253641558e-01,-2.620571181417996609e-01
6.961602671118532726e+01,-1.132702596670182998e-01,-2.551889738394150231e-01
7.061769616026708718e+01,-1.588586676761187810e-01,-2.421936414972793994e-01
7.161936560934890394e+01,-1.689635719101371114e-01,-2.302590614577864070e-01
7.262103505843072071e+01,-5.579746472570607657e-02,-2.215238831666514474e-01
7.362270450751253748e+01,-2.474594161986082980e-02,-2.054576731111830423e-01
7.462437395659429740e+01,2.425652099973821946e-02,-1.935801843623163043e-01
7.562604340567611416e+01,-1.908298227362905742e-03,-1.933446396499716446e-01
7.662771285475793093e+01,3.969784511124032494e-03,-1.865252702562247844e-01
7.762938230383974769e+01,-1.554752927644869991e-02,-1.781151139961297258e-01
7.863105175292150761e+01,2.187202938270942781e-02,-1.727771126759187481e-01
7.963272120200332438e+01,-1.944794368453761288e-02,-1.613476533024615356e-01
8.063439065108514114e+01,-4.120203396920483346e-02,-1.452875178367768472e-01
8.163606010016695791e+01,-4.292721037507093301e-02,-1.391805411111427526e-01
8.263772954924871783e+01,-9.468020129625595582e-03,-1.164560942685594902e-01
8.363939899833053460e+01,-1.038395713004485327e-01,-1.503887771493859771e-01
8.464106844741235136e+01,-1.695725444714482333e-01,-1.834660137581414496e-01
8.564273789649416813e+01,-1.666800706804859311e-01,-2.047002659501151178e-01
8.664440734557598489e+01,-9.457169405608244206e-02,-1.715543984820987744e-01
8.764607679465774481e+01,-7.450601870963761975e-02,-1.745592940885363487e-01
8.864774624373956158e+01,-8.471595585615870894e-02,-1.767372929660618042e-01
8.964941569282137834e+01,-1.269551513092111727e-01,-1.766513515362922448e-01
9.065108514190319511e+01,-1.382763949699935546e-01,-1.943762013485925144e-01
9.165275459098495503e+01,-7.970513521378862209e-02,-2.368465096150637050e-01
9.265442404006677179e+01,-8.919202281207414332e-03,-3.347815873882870608e-01
9.365609348914858856e+01,-2.672521386385187311e-02,-1.379942972521724653e-01
9.465776293823040533e+01,-1.051317171275028411e-02,-4.502959932646569130e-02
9.565943238731216525e+01,-8.009041323600575579e-02,-4.266349210198097652e-03
9.666110183639398201e+01,-1.292509470216280654e-01,5.255829089571846524e-02
9.766277128547579878e+01,-2.020251591850581174e-01,3.052469151771684992e-03
9.866444073455761554e+01,-2.438528888344823620e-01,-3.901808627869775281e-02
9.966611018363937546e+01,-1.592430988393117308e-01,4.172458513573949757e-02
1.006677796327211922e+02,-1.616078760636485978e-01,7.529818131571379414e-02
1.016694490818030090e+02,-2.227319470934218393e-01,1.390599698872304613e-01
1.026711185308848258e+02,-2.557245036616343503e-01,-4.819542736945982980e-02
1.036727879799665857e+02,-1.847060859875757077e-01,-8.228298615798432247e-02
1.046744574290484024e+02,-2.112013004757946621e-01,-6.788635654189587032e-02
1.056761268781302192e+02,-2.497195567773195790e-01,-7.789809204314852853e-02
1.066777963272120360e+02,-2.116714535517611462e-01,-5.678449376153141964e-02
1.076794657762937959e+02,-4.824272891204466063e-02,-6.827797691422431148e-02
1.086811352253756127e+02,-6.441011421726337838e-02,-8.253061901580154014e-02
1.096828046744574294e+02,-4.025528028869978375e-02,-1.017660519696734212e-01
1.106844741235392462e+02,-7.189383145031627564e-02,-7.194231949979625063e-02
1.116861435726210061e+02,-1.558578255913466715e-01,-1.161515454564459593e-01
1.126878130217028229e+02,-2.338520704391588434e-01,-8.660572407455453814e-02
1.136894824707846396e+02,-2.813537406849840883e-01,-1.179172507974332595e-01
1.146911519198664564e+02,-3.220168442624413707e-01,-4.944106742930365339e-02
1.156928213689482163e+02,-1.531137008276800895e-02,-5.747221407919395758e-02
1.166944908180300331e+02,2.673793772336992627e-02,-5.236090839521001516e-02
1.176961602671118499e+02,-2.223191998250350146e-02,-6.278627339859529921e-02
1.186978297161936666e+02,-1.029322229686433464e-02,-6.636446442802527990e-02
1.196994991652754834e+02,-9.076882223041723985e-02,-9.742202342497019441e-02
1.207011686143572433e+02,2.284088523781695537e-02,-1.072036545299013821e-01
1.217028380634390601e+02,-2.197796105334707747e-02,-7.728702292736346069e-02
1.227045075125208768e+02,-2.125967519421105285e-04,-8.326693231245466120e-02
1.237061769616026936e+02,2.237134188778365507e-02,-1.622698402427674366e-02
1.247078464106844535e+02,1.355970788593808263e-01,-2.439346208342507705e-02
1.257095158597662703e+02,5.941111358190440811e-02,3.011241886885151001e-02
1.267111853088480871e+02,1.039504193822695793e-01,2.662625523840751393e-02
1.277128547579299038e+02,8.296615574736346255e-02,2.715151512923010338e-03
1.287145242070116637e+02,3.273269677594280863e-02,-1.257802365772276720e-01
1.297161936560934805e+02,1.626711805140272082e-01,8.538804298193121423e-02
1.307178631051752973e+02,1.905168173965003098e-01,2.878731495334860280e-02
1.317195325542571140e+02,2.561742753748521007e-01,1.404883771395397905e-02
1.327212020033388740e+02,1.156249831185927751e-01,9.138602389115339786e-02
1.337228714524206907e+02,5.710257225787501723e-02,1.029174459880559112e-01
1.347245409015025075e+02,-5.864817678256126210e-03,3.113506473331919544e-01
1.357262103505843243e+02,-2.805474835324503480e-02,1.616705965584862570e-01
1.367278797996660842e+02,1.182506100014195372e-01,4.527466534525347551e-03
1.377295492487479009e+02,-8.679411867730646435e-02,-1.243232371275497933e-01
1.387312186978297177e+02,-1.312737543949871744e-01,-9.766639639276721019e-02
1.397328881469115345e+02,-8.235334338419066091e-02,-7.014488220333914281e-02
1.407345575959932944e+02,-8.436712018123350421e-02,1.041936528581200588e-02
1.417362270450751112e+02,-8.292391208527059854e-02,2.291640139941717585e-02
1.427378964941569279e+02,-1.262921586961738007e-01,7.596315333870876096e-02
1.437395659432387447e+02,-9.113942771834450396e-02,1.378292427725159308e-01
1.447412353923205046e+02,-3.445037071671454981e-02,4.031881696916082142e-02
1.457429048414023214e+02,4.773046658969851315e-03,-9.521594179087921120e-03
1.467445742904841381e+02,-3.699675214739599899e-02,-1.702447522480923792e-01
1.477462437395659549e+02,-2.040447698835838944e-02,-3.103319471837782256e-02
1.487479131886477717e+02,-8.585280461970859478e-02,-4.506811125758478781e-02
1.497495826377295316e+02,-1.118707785184825942e-01,1.132600948126467541e-02
1.507512520868113484e+02,-1.290006636014254804e-01,-2.078521123570688522e-01
1.517529215358931651e+02,-1.637521889649087015e-01,-2.861607140025039797e-01
1.527545909849749819e+02,-1.789887636958908956e-01,-1.585179153900654336e-01
1.537562604340567418e+02,-1.661525190756495129e-01,-5.874294338837683649e-02
1.547579298831385586e+02,-1.655463480490248218e-01,-3.220113435839749849e-02
1.557595993322203753e+02,-1.277206425990103089e-01,-1.471306594926574673e-01
1.567612687813021921e+02,-1.554070426949227257e-01,-9.880619928808050123e-02
1.577629382303839520e+02,-1.494806994433127145e-01,-1.658097656400943087e-01
1.587646076794657688e+02,-1.857315277149928223e-01,-8.784423875015615057e-02
1.597662771285475856e+02,-1.497056183209466984e-01,-1.376761004985373738e-01
1.607679465776294023e+02,-2.651270316260700977e-01,-7.849844638282731102e-02
1.617696160267111622e+02,-3.917971972427683469e-01,-8.311971113576270553e-02
1.627712854757929790e+02,-4.876955351998739085e-01,4.318059978094267864e-02
1.637729549248747958e+02,-7.110320425517476783e-01,-2.552647293837341166e-02
1.647746243739566125e+02,-7.896621964321113296e-01,-6.606623310227086043e-02
1.657762938230383725e+02,-3.889755595674773136e-01,-8.797876517572057742e-02
1.667779632721201892e+02,-2.252614436074587001e-01,-6.581897354938782974e-02
1.677796327212020060e+02,-1.303418227503748694e-01,-2.166665461250839309e-01
1.687813021702838228e+02,-1.652667032874124142e-01,-2.607773531304771741e-01
1.697829716193655827e+02,1.923117976991657596e-02,-3.073305095614484728e-01
1.707846410684473994e+02,1.498267801963321932e-01,-2.693294836379230284e-01
1.717863105175292162e+02,2.846578889721952943e-01,2.744955895464388715e-02
1.727879799666110330e+02,4.524160983012621151e-01,-6.441607052775177866e-02
1.737896494156927929e+02,7.927369904046137616e-01,-1.340096498425871197e-01
1.747913188647746097e+02,9.519962043805405560e-01,-2.587653375269492462e-01
1.757929883138564264e+02,5.741413802405783695e-01,-4.654480647927445869e-01
1.767946577629382432e+02,5.046896510883365217e-01,-4.035764303530915975e-01
1.777963272120200031e+02,4.648029914741221291e-01,-1.946503558346089346e-01
1.787979966611018199e+02,4.120287280220565340e-01,-7.505516238726575584e-02
1.797996661101836366e+02,4.166233729055939250e-01,-2.978955903230643965e-01
1.808013355592654534e+02,4.057093347783881088e-01,-2.291464580422695740e-01
1.818030050083472702e+02,4.316773688238524365e-01,-1.129908173098408547e-01
1.828046744574290301e+02,3.511571280741033196e-01,-3.251191465173562667e-02
1.838063439065108469e+02,4.665274979514112408e-01,2.648368027171519451e-02
1.848080133555926636e+02,4.290851705755457934e-01,6.669109165257043614e-02
1.858096828046744804e+02,4.435846573541746274e-01,1.115493585019505102e-01
1.868113522537562403e+02,4.612900159778164366e-01,1.538125673006828231e-01
1.878130217028380571e+02,5.034270575542397763e-01,1.979025185219072391e-01
1.888146911519198738e+02,5.885843187204415905e-01,2.792386917474529717e-01
1.898163606010016906e+02,6.532597905637723690e-01,3.777384065180726669e-01
1.908180300500834505e+02,7.614190564482037349e-01,3.883041444586413093e-01
1.918196994991652673e+02,1.083262838794614824e+00,4.079311546962125501e-01
1.928213689482470841e+02,6.282956887445180216e-01,4.782917176948091598e-01
1.938230383973289008e+02,4.265007334742684231e-01,6.138773508484534069e-01
1.948247078464106607e+02,2.922913134056983053e-01,9.062188071599449612e-01
1.958263772954924775e+02,1.939233563836416097e-01,7.636333938491843831e-01
1.968280467445742943e+02,5.911104008307305202e-02,6.773398378702887301e-01
1.978297161936561110e+02,-3.565680909996579717e-02,7.661677414054511859e-01
1.988313856427378710e+02,-1.403081091113008438e-01,9.567172140249556866e-01
1.998330550918196877e+02,-3.030868402028306652e-01,6.263758423572403089e-01
2.008347245409015045e+02,-5.498497865583436006e-01,4.921954790634720522e-01
2.018363939899833213e+02,-8.856839748905783738e-01,3.916399035149116248e-01
2.028380634390650812e+02,-5.077799672868733571e-01,3.296248920174781882e-01
2.038397328881468979e+02,-4.143709406451490107e-01,3.225138234621037214e-01
2.048414023372287147e+02,-3.838746645814152814e-01,2.726510711185651803e-01
2.058430717863105315e+02,-3.295803313476317609e-01,2.013766743001705606e-01
2.068447412353922914e+02,-2.609115963154954865e-01,1.400547743170089121e-01
2.078464106844741082e+02,-2.261822260536448248e-01,1.171622463436921280e-01
2.088480801335559249e+02,-1.977322659811123207e-01,8.307224453636696815e-02
2.098497495826377417e+02,-1.772813687901313717e-01,4.694219920563608150e-02
2.108514190317195016e+02,-1.595411461595640790e-01,2.562147272988191810e-02
2.118530884808013184e+02,-1.457261692426922439e-01,-5.466254096987740313e-02
2.128547579298831351e+02,-1.334337570805669282e-01,-8.603387368363717147e-02
2.138564273789648951e+02,-1.234336907364410596e-01,-1.241916036624147179e-01
2.148580968280467687e+02,-1.144062835191119731e-01,-2.108446271031338970e-01
2.158597662771285286e+02,-1.068422696585433207e-01,-3.015826767536771702e-01
2.168614357262104022e+02,-9.995122417757931754e-02,-5.380355402470921033e-01
2.178631051752921621e+02,-9.404944223526527647e-02,-5.074479832334082285e-01
2.188647746243739221e+02,-8.864003941501125139e-02,-3.123398115414738330e-01
2.198664440734557957e+02,-8.392720179892691756e-02,-2.513632409255601718e-01
2.208681135225375556e+02,-7.959010913877075100e-02,-2.080691947128717745e-01
2.218697829716193155e+02,-7.575876190858622794e-02,-1.797232482015296562e-01
2.228714524207011891e+02,-7.222386153428857203e-02,-1.573704225380464783e-01
2.238731218697829490e+02,-6.906504203525572205e-02,-1.403604542723980997e-01
2.248747913188648226e+02,-6.614656421321996049e-02,-1.261865916542333210e-01
2.258764607679465826e+02,-6.351312276192030981e-02,-1.147065653116208367e-01
2.268781302170283425e+02,-6.107904001590934440e-02,-1.048017704987969229e-01
2.278797996661102161e+02,-5.886433824621587624e-02,-9.650461745316396556e-02
2.288814691151919760e+02,-5.681826559862936804e-02,-8.916824783843253777e-02
2.298831385642737359e+02,-5.494316592623076090e-02,-8.289340778355214212e-02
2.308848080133556095e+02,-5.321314756254524880e-02,-7.724137412521056567e-02
2.318864774624373695e+02,-5.161773549484678647e-02,-7.233954988486269999e-02
2.328881469115192431e+02,-5.014902799680844708e-02,-6.785885220296188070e-02
2.338898163606010030e+02,-4.878716401095815197e-02,-6.393501510457232084e-02
2.348914858096827629e+02,-4.753744118977731858e-02,-6.030471482438776176e-02
2.358931552587646365e+02,-4.637307061495050953e-02,-5.710345415327008900e-02
2.368948247078463964e+02,-4.530914965218059420e-02,-5.411139605449676732e-02
2.378964941569281564e+02,-4.431374097605002976e-02,-5.145974537939287941e-02
2.388981636060100300e+02,-4.340929422444349955e-02,-4.895963018971777325e-02
2.398998330550917899e+02,-4.256002230897574373e-02,-4.673609832236497869e-02
2.409015025041736635e+02,-4.179394498026402227e-02,-4.462359608831167196e-02
2.419031719532554234e+02,-4.107237818244040967e-02,-4.274028434348321748e-02
2.429048414023371834e+02,-4.042760280287010372e-02,-4.093892977518474169e-02
2.439065108514190570e+02,-3.981873839066338988e-02,-3.933066534221063559e-02
2.449081803005008169e+02,-3.928135993880847027e-02,-3.778312367896833474e-02
2.459098497495826905e+02,-3.877290490377118676e-02,-3.640057530177747552e-02
2.469115191986644504e+02,-3.833152602389058861e-02,-3.506301867416396212e-02
2.479131886477462103e+02,-3.791335379231670910e-02,-3.386818103360225707e-02
2.489148580968280839e+02,-3.755858851694559436e-02,-3.270654749393304278e-02
2.499165275459098439e+02,-3.722232372348267121e-02,-3.166969081704528594e-02
2.509181969949916038e+02,-3.694641710157160752e-02,-3.065712579161908660e-02
2.519198664440734774e+02,-3.668511493490801689e-02,-2.975468251061343800e-02
2.529215358931552373e+02,-3.648164859631523871e-02,-2.886974664612257380e-02
2.539232053422371109e+02,-3.628954490800499061e-02,-2.808281475632706456e-02
2.549248747913188708e+02,-3.615320716786138422e-02,-2.730820220330641354e-02
2.559265442404006308e+02,-3.602552218100499304e-02,-2.662146474949839484e-02
2.569282136894825044e+02,-3.595192720226600414e-02,-2.594306957488931240e-02
2.579298831385642643e+02,-3.588471029186061229e-02,-2.534400115912139803e-02
2.589315525876460242e+02,-3.587025496705129046e-02,-2.475022620987053779e-02
2.599332220367278978e+02,-3.586026126289550836e-02,-2.422850136207311406e-02
2.609348914858096578e+02,-3.590201142026010206e-02,-2.370973914927449605e-02
2.619365609348915314e+02,-3.594660333464735208e-02,-2.325678516007830335e-02
2.629382303839732913e+02,-3.604220299280948975e-02,-2.280502284199172405e-02
2.639398998330550512e+02,-3.613927148324895533e-02,-2.241367760970221223e-02
2.649415692821369248e+02,-3.628687042365311838e-02,-2.202219285577690366e-02
2.659432387312186847e+02,-3.643477205625549054e-02,-2.168644016196568866e-02
2.669449081803004447e+02,-3.663296812229405869e-02,-2.134956448398232440e-02
2.679465776293823183e+02,-3.683047493492728336e-02,-2.106432709956209542e-02
2.689482470784640782e+02,-3.707826831822950281e-02,-2.077725989465629280e-02
2.699499165275459518e+02,-3.732452818575763415e-02,-2.053823639310349558e-02
2.709515859766277117e+02,-3.762128560295453783e-02,-2.029689754168515631e-02
2.719532554257094716e+02,-3.791579134197987228e-02,-2.010043250689094035e-02
2.729549248747913452e+02,-3.826121849780918238e-02,-1.990134459287816113e-02
2.739565943238731052e+02,-3.860378436191709561e-02,-1.974432460122123659e-02
2.749582637729548651e+02,-3.899790547721240785e-02,-1.958451811502364207e-02
2.759599332220367387e+02,-3.938865001763539042e-02,-1.946428779787036725e-02
2.769616026711184986e+02,-3.983179350173748218e-02,-1.934122433449672954e-02
2.779632721202003722e+02,-4.027112802703367717e-02,-1.925551822354923739e-02
2.789649415692821321e+02,-4.076391761792413915e-02,-1.916702789149333369e-02
2.799666110183638921e+02,-4.125253969640462620e-02,-1.911391477325746074e-02
2.809682804674457657e+02,-4.179589059156233605e-02,-1.905814491771688421e-02
2.819699499165275256e+02,-4.233478221683589782e-02,-1.903598218068756204e-02
2.829716193656093992e+02,-4.292990188836834364e-02,-1.901135518479736206e-02
2.839732888146911591e+02,-4.352033208041643231e-02,-1.901875121091544871e-02
2.849749582637729191e+02,-4.416872561776119532e-02,-1.902392963577083373e-02
2.859766277128547927e+02,-4.481225736868269666e-02,-1.905971271518728041e-02
2.869782971619365526e+02,-4.551573732993115934e-02,-1.909357041622797638e-02
2.879799666110183125e+02,-4.621423893182061149e-02,-1.915676299112609171e-02
2.889816360601001861e+02,-4.697493981725001100e-02,-1.921836113676572005e-02
2.899833055091819460e+02,-4.773060073602986009e-02,-1.930815843029516296e-02
2.909849749582638196e+02,-4.855099833109229046e-02,-1.939672557145802681e-02
2.919866444073455796e+02,-4.936634991962042529e-02,-1.951247785223060582e-02
2.929883138564273395e+02,-5.024928589641879106e-02,-1.962739336411416929e-02
2.939899833055092131e+02,-5.112722738076584672e-02,-1.976859124801194634e-02
2.949916527545909730e+02,-5.207593970267829914e-02,-1.990937160151351817e-02
2.959933222036727329e+02,-5.301977003175011721e-02,-2.007563391182003512e-02
2.969949916527546065e+02,-5.403792988397344843e-02,-2.024192133905472826e-02
2.979966611018363665e+02,-5.505138621409176591e-02,-2.043298514043016476e-02
2.989983305509182401e+02,-5.614314239206808638e-02,-2.062453834407790634e-02
3.000000000000000000e+02,-5.723044619294354041e-02,-2.084025084131132383e-02
